nome,telefone
Amanda,+5551992667888
André,
Andreia,+5551993811143
Andrieli,
Beta,
Brando,
Carla,
Célio,
Cerani,
China,
Claudio,+5551981876316
Cleber,+5551991240681
Cléo,
Cristiano,
Cristina,+5551986030772
Daianne,
Daniel,
Dereck,+5551982729387
Dienifer,
Douglas,+5551997861996
Edson,+5551981898659
Eduarda,
Estevan,+5551999260617
Fabiane,
Fabiano,
Felipe,+5551985452023
Felipe,+5551991502294
Fernando (irmão da Ana),
Fernando (irmão da Mary),
Fernando (vizinho),
Fernando Tavares,+5551994285211
Gabriel,
Gerusa,
Gislaine,+5551991760043
Guilherme,+5551989472616
Gustavo,+5551995919930
Itamar,
Jander,
Janine,+5551984960632
João,+5551996772410
Jonatan,
Juliana,+5551984332951
Juliano,
Kalila,+5551984312150
Kim,
Larissa,
Leonardo,+5551985258563
Leonardo,+5551986404192
Leticia,
Luciano,
Luzeni,
Magali,
Marcos,
Maristela,
Marlene,+5551984915215
Marli,+5551993800354
Michele,+5551985082623
Michelle,
Mirella,
Neverton,
Nicolas,
Niki,
Nilson,
Nunes,
Patrick,
Paula,
Paulo,+5551991011444
Peter,
Rafael,+5551984036408
Raphael,
Rejane,+5551999822697
Rodrigo,+5551995496088
Simone,+5551999774765
Uylson,+5551992905437
Valdori,
Vanderlei,
Vera,
Vinicius,
Vivi,
Wagner,
William,
Wilson,
