CHURRASCO DO JOE — FLUXO DE CAIXA,,,,,,,,
Valores negativos = Débito (saída)   |   Valores positivos = Crédito (entrada),,,,,,,,
,,,,,,,,
Dia,Categoria,Descrição,Data do Fluxo,Data Pgto/Receb.,Valor (R$),Saldo Acumulado (R$),,
2,Despesa,Marketing pago instagram,9/2/2026,9/2/2026,"-R$  120,00 ","-R$  120,00 ",,
2,Despesa,Compra itens salada maionese,9/2/2026,9/2/2026,"-R$  21,71 ","-R$  141,71 ",,
2,Despesa,Compra salsichão,9/2/2026,9/2/2026,"-R$  112,00 ","-R$  253,71 ",,
4,Receita,venda geleias,9/4/2026,9/4/2026," R$  76,70 ","-R$  177,01 ",,
5,Despesa,Compra lenha,9/5/2026,9/5/2026,"-R$  50,00 ","-R$  227,01 ",,
5,Despesa,Compra temperos,9/5/2026,9/5/2026,"-R$  26,94 ","-R$  253,95 ",,
5,Despesa,Compra bebidas,9/5/2026,9/5/2026,"-R$  299,52 ","-R$  553,47 ",,
6,Receita,final de semana 1,9/6/2026,9/6/2026," R$  1.253,15 "," R$  699,68 ",,
6,Despesa,pagamento motoboy,9/6/2026,9/6/2026,"-R$  50,00 "," R$  649,68 ",,
6,Despesa,Pagamento fornecedor doces,9/6/2026,9/6/2026,"-R$  83,00 "," R$  566,68 ",,
6,Despesa,compra coracao e pao de alho,9/6/2026,9/6/2026,"-R$  90,82 "," R$  475,86 ",,
9,Despesa,pagamento nutri fornecedor,9/9/2026,9/9/2026,"-R$  823,41 ","-R$  347,55 ",,
9,Despesa,pagamento geleia fornecedor,9/9/2026,9/9/2026,"-R$  202,80 ","-R$  550,35 ",,
10,Despesa,Luz,9/10/2026,9/10/2026,"-R$  100,00 ","-R$  650,35 ",,
10,Despesa,Agua,9/10/2026,9/10/2026,"-R$  100,00 ","-R$  750,35 ",,
12,Despesa,"Compra churrasqueira (R$ 2784,87, parcela 3 de 12)",6/18/2026,9/12/2026,"-R$  232,07 ","-R$  982,42 ",,"-R$  473,81 "
12,Despesa,"Compra churrasqueira (R$ 2900, parcela 3 de 12)",6/10/2026,9/12/2026,"-R$  241,74 ","-R$  1.224,16 ",,
11,Despesa,Compra coracao e frango,9/11/2026,9/11/2026,"-R$  78,98 ","-R$  1.303,14 ",,
10,Despesa,Compra carvão e lenha,9/10/2026,9/10/2026,"-R$  116,00 ","-R$  1.419,14 ",,
13,Receita,Receita final de semana 2,9/13/2026,9/13/2026," R$  1.201,09 ","-R$  218,05 ",,
10,Despesa,Compra itens maionese ,9/10/2026,9/10/2026,"-R$  15,74 ","-R$  233,79 ",,
12,Despesa,Compra tempero verde,9/12/2026,9/12/2026,"-R$  3,49 ","-R$  237,28 ",,
13,Despesa,pagamento motoboy,9/13/2026,9/13/2026,"-R$  30,00 ","-R$  267,28 ",,
16,Receita,venda geleias,9/15/2026,9/15/2026," R$  29,90 ","-R$  237,38 ",,
16,Receita,venda refri,9/16/2026,9/16/2026," R$  15,00 ","-R$  222,38 ",,
16,Despesa,Compra itens maionese ,9/17/2026,9/17/2026," R$  23,18 ","-R$  199,20 ",,
17,Receita,Receita final de semana 3,9/20/2026,9/20/2026," R$  1.777,28 "," R$  1.578,08 ",,
17,Despesa,Compra embalagem maionese,9/19/2026,9/19/2026,"-R$  57,23 "," R$  1.520,85 ",,
19,Despesa,Devolucao pix gerusa,9/19/2026,9/19/2026,"-R$  13,99 "," R$  1.506,86 ",,
21,Despesa,Compra Refrigerante,9/20/2026,9/20/2026,"-R$  34,97 "," R$  1.471,89 ",,
22,Despesa,Compra vazio e sobrecoxa extra,9/20/2026,9/20/2026,"-R$  85,01 "," R$  1.386,88 ",,
22,Despesa,pagamento motoboy,9/20/2026,9/20/2026,"-R$  60,00 "," R$  1.326,88 ",,
22,Despesa,pagamento nutri fornecedor,9/20/2026,9/20/2026,"-R$  500,62 "," R$  826,26 ",,
22,Despesa,Pagamento fornecedor doces,9/20/2026,9/20/2026,"-R$  10,00 "," R$  816,26 ",,
23,Despesa,Pagamento Ana caixa,9/20/2026,9/20/2026,"-R$  150,00 "," R$  666,26 ",,
24,Despesa,compra toucas e luvas,9/23/2026,9/23/2026,"-R$  59,00 "," R$  607,26 ",,
29,,,,,," R$  607,26 ",,
30,,,,,," R$  607,26 ",,
30,,,,,," R$  607,26 ",,
31,,,,,," R$  607,26 ",,
31,,,,,," R$  607,26 ",,
,,,,,," R$  607,26 ",,
TOTAIS,,,,," R$  607,26 ",,,
,,,,,,,,
,,,,,,,,
,,,,,,,,
,,,,,,,,
,,,,,,,,
,,,,,,,,
,Despesa,Compra maquininha,6/6/2026,6/6/2026,,,,
,Receita,Venda de combos - domingo,6/7/2026,6/7/2026,,,,
